Student Id,Student Name,Gender,SWD,MLL,ED,Current Grade,Class,"I-Ready Result
Reading
Overall SS - Fall
2025-2026","I-Ready Result
Reading
Overall Placement - Fall
2025-2026","I-Ready Result
Reading
Phonological Awareness Placement - Fall
2025-2026","I-Ready Result
Reading
Phonics SS - Fall
2025-2026","I-Ready Result
Reading
Phonics Placement - Fall
2025-2026","I-Ready Result
Reading
High Freq Words SS - Fall
2025-2026","I-Ready Result
Reading
High Freq Words Placement - Fall
2025-2026","I-Ready Result
Reading
Vocabulary SS - Fall
2025-2026","I-Ready Result
Reading
Vocabulary Placement - Fall
2025-2026","I-Ready Result
Reading
Reading Comp: Lit SS - Fall
2025-2026","I-Ready Result
Reading
Reading Comp: Lit Placement - Fall
2025-2026","I-Ready Result
Reading
Reading Comp: Inform Text SS - Fall
2025-2026","I-Ready Result
Reading
Reading Comp: Inform Text Placement - Fall
2025-2026","I-Ready Result
Reading
Percentile - Fall
2025-2026","I-Ready Result
Reading
Phonological Awareness Relative Placement -Fall
2025-2026","I-Ready Result
Reading
Phonics Relative Placement -Fall
2025-2026","I-Ready Result
Reading
High-Frequency Words Relative Placement -Fall
2025-2026","I-Ready Result
Reading
Vocabulary Relative Placement -Fall
2025-2026","I-Ready Result
Reading
Reading Comprehension: Literature Relative Placement -Fall
2025-2026","I-Ready Result
Reading
Reading Comprehension: Informational Text Relative Placement -Fall
2025-2026","I-Ready Result
Reading
Comprehension: Overall Scale Score - Fall
2025-2026","I-Ready Result
Reading
Comprehension: Overall Relative Placement - Fall
2025-2026","I-Ready Result
Reading
Comprehension: Overall Placement - Fall
2025-2026","I-Ready Result
Reading
Lexile Measure - Fall
2025-2026","I-Ready Result
Reading
Lexile Range - Fall
2025-2026","I-Ready Result
Reading
Overall SS - Winter
2025-2026","I-Ready Result
Reading
Overall Placement - Winter
2025-2026","I-Ready Result
Reading
Phonological Awareness Placement - Winter
2025-2026","I-Ready Result
Reading
Phonics SS - Winter
2025-2026","I-Ready Result
Reading
Phonics Placement - Winter
2025-2026","I-Ready Result
Reading
High Freq Words SS - Winter
2025-2026","I-Ready Result
Reading
High Freq Words Placement - Winter
2025-2026","I-Ready Result
Reading
Vocabulary SS - Winter
2025-2026","I-Ready Result
Reading
Vocabulary Placement - Winter
2025-2026","I-Ready Result
Reading
Reading Comp: Lit SS - Winter
2025-2026","I-Ready Result
Reading
Reading Comp: Lit Placement - Winter
2025-2026","I-Ready Result
Reading
Reading Comp: Inform Text SS - Winter
2025-2026","I-Ready Result
Reading
Reading Comp: Inform Text Placement - Winter
2025-2026","I-Ready Result
Reading
Percentile - Winter
2025-2026","I-Ready Result
Reading
Phonological Awareness Relative Placement -Winter
2025-2026","I-Ready Result
Reading
Phonics Relative Placement -Winter
2025-2026","I-Ready Result
Reading
High-Frequency Words Relative Placement -Winter
2025-2026","I-Ready Result
Reading
Vocabulary Relative Placement -Winter
2025-2026","I-Ready Result
Reading
Reading Comprehension: Literature Relative Placement -Winter
2025-2026","I-Ready Result
Reading
Reading Comprehension: Informational Text Relative Placement -Winter
2025-2026","I-Ready Result
Reading
Comprehension: Overall Placement - Winter
2025-2026","I-Ready Result
Reading
Comprehension: Overall Relative Placement - Winter
2025-2026","I-Ready Result
Reading
Lexile Measure - Winter
2025-2026","I-Ready Result
Reading
Lexile Range - Winter
2025-2026","I-Ready Result
Reading
Comprehension: Overall Scale Score - Winter
2025-2026","I-Ready Result
Reading
Overall SS - Spring
2025-2026","I-Ready Result
Reading
Overall Placement - Spring
2025-2026","I-Ready Result
Reading
Phonological Awareness Placement - Spring
2025-2026","I-Ready Result
Reading
Phonics SS - Spring
2025-2026","I-Ready Result
Reading
Phonics Placement - Spring
2025-2026","I-Ready Result
Reading
High Freq Words SS - Spring
2025-2026","I-Ready Result
Reading
High Freq Words Placement - Spring
2025-2026","I-Ready Result
Reading
Vocabulary SS - Spring
2025-2026","I-Ready Result
Reading
Vocabulary Placement - Spring
2025-2026","I-Ready Result
Reading
Reading Comp: Lit SS - Spring
2025-2026","I-Ready Result
Reading
Reading Comp: Lit Placement - Spring
2025-2026","I-Ready Result
Reading
Reading Comp: Inform Text SS - Spring
2025-2026","I-Ready Result
Reading
Reading Comp: Inform Text Placement - Spring
2025-2026","I-Ready Result
Reading
Percentile - Spring
2025-2026","I-Ready Result
Reading
Phonological Awareness Relative Placement -Spring
2025-2026","I-Ready Result
Reading
Phonics Relative Placement -Spring
2025-2026","I-Ready Result
Reading
High-Frequency Words Relative Placement -Spring
2025-2026","I-Ready Result
Reading
Vocabulary Relative Placement -Spring
2025-2026","I-Ready Result
Reading
Reading Comprehension: Literature Relative Placement -Spring
2025-2026","I-Ready Result
Reading
Reading Comprehension: Informational Text Relative Placement -Spring
2025-2026","I-Ready Result
Reading
Comprehension: Overall Scale Score - Spring
2025-2026","I-Ready Result
Reading
Comprehension: Overall Placement - Spring
2025-2026","I-Ready Result
Reading
Comprehension: Overall Relative Placement - Spring
2025-2026","I-Ready Result
Reading
Lexile Measure - Spring
2025-2026","I-Ready Result
Reading
Lexile Range - Spring
2025-2026"
123456789,Some Name,M/F/O,Yes/No,Yes/No,Yes/No,6,601/602,300-650,K/1/2/3/4/5/6,,,,,,,,,,,,,,,,,,,,,,,,,,,,,,,,,,,,,,,,,,,,,,,,,,,,,,,,,,,,,,,,,,,,,,,,,
