Student Id,Student Name,Gender,SWD,LEP,ED,Current Grade,Class,"I-Ready Result
Math
Overall SS - Fall
2025-2026","I-Ready Result
Math
Overall Placement - Fall
2025-2026","I-Ready Result
Math
Number and Op SS - Fall
2025-2026","I-Ready Result
Math
Number and Op Placement - Fall
2025-2026","I-Ready Result
Math
Alg and Alg Thinking SS - Fall
2025-2026","I-Ready Result
Math
Alg and Alg Thinking Placement - Fall
2025-2026","I-Ready Result
Math
Measure and Data SS - Fall
2025-2026","I-Ready Result
Math
Measure and Data Placement - Fall
2025-2026","I-Ready Result
Math
Geometry SS - Fall
2025-2026","I-Ready Result
Math
Geometry Placement - Fall
2025-2026","I-Ready Result
Math
Percentile - Fall
2025-2026","I-Ready Result
Math
Overall Relative Placement -Fall
2025-2026","I-Ready Result
Math
Number and Operations Relative Placement -Fall
2025-2026","I-Ready Result
Math
Algebra and Algebraic Thinking Relative Placement -Fall
2025-2026","I-Ready Result
Math
Measurement and Data Relative Placement -Fall
2025-2026","I-Ready Result
Math
Geometry Relative Placement -Fall
2025-2026","I-Ready Result
Math
Quantile Range - Fall
2025-2026","I-Ready Result
Math
Quantile Measure - Fall
2025-2026","I-Ready Result
Math
Overall SS - Winter
2025-2026","I-Ready Result
Math
Overall Placement - Winter
2025-2026","I-Ready Result
Math
Number and Op SS - Winter
2025-2026","I-Ready Result
Math
Number and Op Placement - Winter
2025-2026","I-Ready Result
Math
Alg and Alg Thinking SS - Winter
2025-2026","I-Ready Result
Math
Alg and Alg Thinking Placement - Winter
2025-2026","I-Ready Result
Math
Measure and Data SS - Winter
2025-2026","I-Ready Result
Math
Measure and Data Placement - Winter
2025-2026","I-Ready Result
Math
Geometry SS - Winter
2025-2026","I-Ready Result
Math
Geometry Placement - Winter
2025-2026","I-Ready Result
Math
Percentile - Winter
2025-2026","I-Ready Result
Math
Overall Relative Placement -Winter
2025-2026","I-Ready Result
Math
Number and Operations Relative Placement -Winter
2025-2026","I-Ready Result
Math
Algebra and Algebraic Thinking Relative Placement -Winter
2025-2026","I-Ready Result
Math
Measurement and Data Relative Placement -Winter
2025-2026","I-Ready Result
Math
Geometry Relative Placement -Winter
2025-2026","I-Ready Result
Math
Quantile Range - Winter
2025-2026","I-Ready Result
Math
Quantile Measure - Winter
2025-2026","I-Ready Result
Math
Overall SS - Spring
2025-2026","I-Ready Result
Math
Overall Placement - Spring
2025-2026","I-Ready Result
Math
Number and Op SS - Spring
2025-2026","I-Ready Result
Math
Number and Op Placement - Spring
2025-2026","I-Ready Result
Math
Alg and Alg Thinking SS - Spring
2025-2026","I-Ready Result
Math
Alg and Alg Thinking Placement - Spring
2025-2026","I-Ready Result
Math
Measure and Data SS - Spring
2025-2026","I-Ready Result
Math
Measure and Data Placement - Spring
2025-2026","I-Ready Result
Math
Geometry SS - Spring
2025-2026","I-Ready Result
Math
Geometry Placement - Spring
2025-2026","I-Ready Result
Math
Percentile - Spring
2025-2026","I-Ready Result
Math
Overall Relative Placement -Spring
2025-2026","I-Ready Result
Math
Number and Operations Relative Placement -Spring
2025-2026","I-Ready Result
Math
Algebra and Algebraic Thinking Relative Placement -Spring
2025-2026","I-Ready Result
Math
Measurement and Data Relative Placement -Spring
2025-2026","I-Ready Result
Math
Geometry Relative Placement -Spring
2025-2026","I-Ready Result
Math
Quantile Range - Spring
2025-2026","I-Ready Result
Math
Quantile Measure - Spring
2025-2026"
900000001,Avery Bennett,F,Yes,No,Yes,6,601,305,Kindergarten,318,Kindergarten,314,Kindergarten,300,Kindergarten,311,Kindergarten,1,3 or More Grade Levels Below,3 or More Grade Levels Below,3 or More Grade Levels Below,3 or More Grade Levels Below,3 or More Grade Levels Below,EM330Q-EM230Q,EM280Q,312,Kindergarten,305,Kindergarten,326,Kindergarten,324,Kindergarten,312,Kindergarten,2,3 or More Grade Levels Below,3 or More Grade Levels Below,3 or More Grade Levels Below,3 or More Grade Levels Below,3 or More Grade Levels Below,EM302Q-EM202Q,EM252Q,324,Kindergarten,335,Kindergarten,335,Kindergarten,328,Kindergarten,325,Kindergarten,3,3 or More Grade Levels Below,3 or More Grade Levels Below,3 or More Grade Levels Below,3 or More Grade Levels Below,3 or More Grade Levels Below,EM254Q-EM154Q,EM204Q
900000002,Maya Brooks,M,No,No,Yes,6,602,550,Grade 5,537,Grade 4,564,Grade 5,534,Grade 4,565,Grade 5,28,1 Grade Level Below,2 Grade Levels Below,1 Grade Level Below,2 Grade Levels Below,1 Grade Level Below,650Q-750Q,700Q,556,Grade 5,569,Grade 5,562,Grade 5,565,Grade 5,546,Grade 4,29,1 Grade Level Below,1 Grade Level Below,1 Grade Level Below,1 Grade Level Below,2 Grade Levels Below,674Q-774Q,724Q,568,Grade 5,566,Grade 5,556,Grade 5,557,Grade 5,558,Grade 5,32,1 Grade Level Below,1 Grade Level Below,1 Grade Level Below,1 Grade Level Below,1 Grade Level Below,722Q-822Q,772Q
900000003,Eli Carter,F,No,Yes,No,6,601,614,Grade 6,625,Grade 6,618,Grade 6,617,Grade 6,605,Grade 6,54,Early On Grade Level,Mid or Above Grade Level,Early On Grade Level,Early On Grade Level,Early On Grade Level,906Q-1006Q,956Q,621,Grade 6,621,Grade 6,622,Grade 6,629,Grade 6,609,Grade 6,61,Mid or Above Grade Level,Mid or Above Grade Level,Mid or Above Grade Level,Mid or Above Grade Level,Early On Grade Level,934Q-1034Q,984Q,628,Grade 6,637,Grade 6,640,Grade 6,630,Grade 6,643,Grade 6,68,Mid or Above Grade Level,Mid or Above Grade Level,Mid or Above Grade Level,Mid or Above Grade Level,Mid or Above Grade Level,962Q-1062Q,1012Q
900000004,Sofia Diaz,M,No,No,Yes,6,602,334,Kindergarten,332,Kindergarten,337,Kindergarten,331,Kindergarten,348,Kindergarten,3,3 or More Grade Levels Below,3 or More Grade Levels Below,3 or More Grade Levels Below,3 or More Grade Levels Below,3 or More Grade Levels Below,EM214Q-EM114Q,EM164Q,340,Kindergarten,340,Kindergarten,330,Kindergarten,337,Kindergarten,342,Kindergarten,4,3 or More Grade Levels Below,3 or More Grade Levels Below,3 or More Grade Levels Below,3 or More Grade Levels Below,3 or More Grade Levels Below,EM190Q-EM90Q,EM140Q,350,Grade 1,362,Grade 1,345,Kindergarten,345,Kindergarten,332,Kindergarten,5,3 or More Grade Levels Below,3 or More Grade Levels Below,3 or More Grade Levels Below,3 or More Grade Levels Below,3 or More Grade Levels Below,EM150Q-EM50Q,EM100Q
900000005,Noah Ellis,F,No,No,No,6,601,552,Grade 5,550,Grade 5,551,Grade 5,563,Grade 5,558,Grade 5,28,1 Grade Level Below,1 Grade Level Below,1 Grade Level Below,1 Grade Level Below,1 Grade Level Below,658Q-758Q,708Q,558,Grade 5,566,Grade 5,559,Grade 5,542,Grade 4,565,Grade 5,29,1 Grade Level Below,1 Grade Level Below,1 Grade Level Below,2 Grade Levels Below,1 Grade Level Below,682Q-782Q,732Q,568,Grade 5,576,Grade 5,554,Grade 5,583,Grade 5,562,Grade 5,32,1 Grade Level Below,1 Grade Level Below,1 Grade Level Below,1 Grade Level Below,1 Grade Level Below,722Q-822Q,772Q
900000006,Zoe Foster,M,No,No,Yes,6,602,613,Grade 6,622,Grade 6,604,Grade 6,603,Grade 6,620,Grade 6,53,Early On Grade Level,Mid or Above Grade Level,Early On Grade Level,Early On Grade Level,Mid or Above Grade Level,902Q-1002Q,952Q,620,Grade 6,621,Grade 6,634,Grade 6,607,Grade 6,603,Grade 6,60,Mid or Above Grade Level,Mid or Above Grade Level,Mid or Above Grade Level,Early On Grade Level,Early On Grade Level,930Q-1030Q,980Q,628,Grade 6,641,Grade 6,631,Grade 6,627,Grade 6,640,Grade 6,68,Mid or Above Grade Level,Mid or Above Grade Level,Mid or Above Grade Level,Mid or Above Grade Level,Mid or Above Grade Level,962Q-1062Q,1012Q
900000007,Liam Green,F,No,No,Yes,6,601,317,Kindergarten,314,Kindergarten,330,Kindergarten,309,Kindergarten,302,Kindergarten,2,3 or More Grade Levels Below,3 or More Grade Levels Below,3 or More Grade Levels Below,3 or More Grade Levels Below,3 or More Grade Levels Below,EM282Q-EM182Q,EM232Q,325,Kindergarten,332,Kindergarten,334,Kindergarten,321,Kindergarten,319,Kindergarten,3,3 or More Grade Levels Below,3 or More Grade Levels Below,3 or More Grade Levels Below,3 or More Grade Levels Below,3 or More Grade Levels Below,EM250Q-EM150Q,EM200Q,338,Kindergarten,327,Kindergarten,324,Kindergarten,336,Kindergarten,326,Kindergarten,4,3 or More Grade Levels Below,3 or More Grade Levels Below,3 or More Grade Levels Below,3 or More Grade Levels Below,3 or More Grade Levels Below,EM198Q-EM98Q,EM148Q
900000008,Nina Harris,M,Yes,No,No,6,602,554,Grade 5,555,Grade 5,548,Grade 4,550,Grade 5,560,Grade 5,29,1 Grade Level Below,1 Grade Level Below,2 Grade Levels Below,1 Grade Level Below,1 Grade Level Below,666Q-766Q,716Q,561,Grade 5,562,Grade 5,546,Grade 4,555,Grade 5,573,Grade 5,30,1 Grade Level Below,1 Grade Level Below,2 Grade Levels Below,1 Grade Level Below,1 Grade Level Below,694Q-794Q,744Q,571,Grade 5,584,Grade 5,559,Grade 5,555,Grade 5,559,Grade 5,32,1 Grade Level Below,1 Grade Level Below,1 Grade Level Below,1 Grade Level Below,1 Grade Level Below,734Q-834Q,784Q
900000009,Owen Ito,F,No,Yes,Yes,6,601,600,Grade 6,607,Grade 6,608,Grade 6,604,Grade 6,593,Grade 5,40,Early On Grade Level,Early On Grade Level,Early On Grade Level,Early On Grade Level,1 Grade Level Below,850Q-950Q,900Q,609,Grade 6,623,Grade 6,595,Grade 5,594,Grade 5,615,Grade 6,49,Early On Grade Level,Mid or Above Grade Level,1 Grade Level Below,1 Grade Level Below,Early On Grade Level,886Q-986Q,936Q,611,Grade 6,602,Grade 6,599,Grade 5,600,Grade 6,604,Grade 6,51,Early On Grade Level,Early On Grade Level,1 Grade Level Below,Early On Grade Level,Early On Grade Level,894Q-994Q,944Q
900000010,Leila Johnson,M,No,No,No,6,602,353,Grade 1,353,Grade 1,337,Kindergarten,366,Grade 1,358,Grade 1,5,3 or More Grade Levels Below,3 or More Grade Levels Below,3 or More Grade Levels Below,3 or More Grade Levels Below,3 or More Grade Levels Below,EM138Q-EM38Q,EM88Q,361,Grade 1,356,Grade 1,362,Grade 1,375,Grade 1,352,Grade 1,5,3 or More Grade Levels Below,3 or More Grade Levels Below,3 or More Grade Levels Below,3 or More Grade Levels Below,3 or More Grade Levels Below,EM106Q-EM6Q,EM56Q,376,Grade 1,389,Grade 1,375,Grade 1,369,Grade 1,380,Grade 1,6,3 or More Grade Levels Below,3 or More Grade Levels Below,3 or More Grade Levels Below,3 or More Grade Levels Below,3 or More Grade Levels Below,EM46Q-54Q,4Q
900000011,Mateo Kim,F,No,No,Yes,6,601,565,Grade 5,563,Grade 5,566,Grade 5,577,Grade 5,549,Grade 4,31,1 Grade Level Below,1 Grade Level Below,1 Grade Level Below,1 Grade Level Below,2 Grade Levels Below,710Q-810Q,760Q,569,Grade 5,572,Grade 5,569,Grade 5,559,Grade 5,563,Grade 5,32,1 Grade Level Below,1 Grade Level Below,1 Grade Level Below,1 Grade Level Below,1 Grade Level Below,726Q-826Q,776Q,580,Grade 5,578,Grade 5,564,Grade 5,567,Grade 5,574,Grade 5,35,1 Grade Level Below,1 Grade Level Below,1 Grade Level Below,1 Grade Level Below,1 Grade Level Below,770Q-870Q,820Q
900000012,Ruby Lewis,M,No,No,Yes,6,602,600,Grade 6,595,Grade 5,584,Grade 5,614,Grade 6,591,Grade 5,40,Early On Grade Level,1 Grade Level Below,1 Grade Level Below,Early On Grade Level,1 Grade Level Below,850Q-950Q,900Q,607,Grade 6,618,Grade 6,607,Grade 6,604,Grade 6,592,Grade 5,47,Early On Grade Level,Early On Grade Level,Early On Grade Level,Early On Grade Level,1 Grade Level Below,878Q-978Q,928Q,617,Grade 6,612,Grade 6,620,Grade 6,621,Grade 6,609,Grade 6,57,Early On Grade Level,Early On Grade Level,Mid or Above Grade Level,Mid or Above Grade Level,Early On Grade Level,918Q-1018Q,968Q
900000013,Caleb Martin,F,No,No,No,6,601,343,Kindergarten,337,Kindergarten,333,Kindergarten,350,Grade 1,336,Kindergarten,4,3 or More Grade Levels Below,3 or More Grade Levels Below,3 or More Grade Levels Below,3 or More Grade Levels Below,3 or More Grade Levels Below,EM178Q-EM78Q,EM128Q,353,Grade 1,346,Kindergarten,342,Kindergarten,343,Kindergarten,346,Kindergarten,5,3 or More Grade Levels Below,3 or More Grade Levels Below,3 or More Grade Levels Below,3 or More Grade Levels Below,3 or More Grade Levels Below,EM138Q-EM38Q,EM88Q,365,Grade 1,379,Grade 1,367,Grade 1,352,Grade 1,373,Grade 1,6,3 or More Grade Levels Below,3 or More Grade Levels Below,3 or More Grade Levels Below,3 or More Grade Levels Below,3 or More Grade Levels Below,EM90Q-10Q,EM40Q
900000014,Aria Nguyen,M,No,No,Yes,6,602,559,Grade 5,562,Grade 5,560,Grade 5,543,Grade 4,569,Grade 5,30,1 Grade Level Below,1 Grade Level Below,1 Grade Level Below,2 Grade Levels Below,1 Grade Level Below,686Q-786Q,736Q,563,Grade 5,577,Grade 5,562,Grade 5,576,Grade 5,559,Grade 5,31,1 Grade Level Below,1 Grade Level Below,1 Grade Level Below,1 Grade Level Below,1 Grade Level Below,702Q-802Q,752Q,573,Grade 5,586,Grade 5,565,Grade 5,565,Grade 5,558,Grade 5,33,1 Grade Level Below,1 Grade Level Below,1 Grade Level Below,1 Grade Level Below,1 Grade Level Below,742Q-842Q,792Q
900000015,Jonah Ortiz,O,Yes,Yes,No,6,601,620,Grade 6,622,Grade 6,605,Grade 6,621,Grade 6,620,Grade 6,60,Mid or Above Grade Level,Mid or Above Grade Level,Early On Grade Level,Mid or Above Grade Level,Mid or Above Grade Level,930Q-1030Q,980Q,628,Grade 6,641,Grade 6,618,Grade 6,644,Grade 6,624,Grade 6,68,Mid or Above Grade Level,Mid or Above Grade Level,Early On Grade Level,Mid or Above Grade Level,Mid or Above Grade Level,962Q-1062Q,1012Q,633,Grade 6,626,Grade 6,646,Grade 6,644,Grade 6,615,Grade 6,73,Mid or Above Grade Level,Mid or Above Grade Level,Mid or Above Grade Level,Mid or Above Grade Level,Early On Grade Level,982Q-1082Q,1032Q
900000016,Mila Patel,M,Yes,No,Yes,6,602,366,Grade 1,376,Grade 1,367,Grade 1,365,Grade 1,379,Grade 1,6,3 or More Grade Levels Below,3 or More Grade Levels Below,3 or More Grade Levels Below,3 or More Grade Levels Below,3 or More Grade Levels Below,EM86Q-14Q,EM36Q,373,Grade 1,365,Grade 1,357,Grade 1,366,Grade 1,385,Grade 1,6,3 or More Grade Levels Below,3 or More Grade Levels Below,3 or More Grade Levels Below,3 or More Grade Levels Below,3 or More Grade Levels Below,EM58Q-42Q,EM8Q,382,Grade 1,390,Grade 1,387,Grade 1,388,Grade 1,386,Grade 1,7,3 or More Grade Levels Below,3 or More Grade Levels Below,3 or More Grade Levels Below,3 or More Grade Levels Below,3 or More Grade Levels Below,EM22Q-78Q,28Q
900000017,Theo Quinn,F,No,No,Yes,6,601,550,Grade 5,560,Grade 5,546,Grade 4,558,Grade 5,537,Grade 4,28,1 Grade Level Below,1 Grade Level Below,2 Grade Levels Below,1 Grade Level Below,2 Grade Levels Below,650Q-750Q,700Q,558,Grade 5,563,Grade 5,562,Grade 5,573,Grade 5,573,Grade 5,29,1 Grade Level Below,1 Grade Level Below,1 Grade Level Below,1 Grade Level Below,1 Grade Level Below,682Q-782Q,732Q,566,Grade 5,577,Grade 5,557,Grade 5,558,Grade 5,552,Grade 5,31,1 Grade Level Below,1 Grade Level Below,1 Grade Level Below,1 Grade Level Below,1 Grade Level Below,714Q-814Q,764Q
900000018,Ivy Rivera,M,No,No,No,6,602,600,Grade 6,610,Grade 6,598,Grade 5,604,Grade 6,614,Grade 6,40,Early On Grade Level,Early On Grade Level,1 Grade Level Below,Early On Grade Level,Early On Grade Level,850Q-950Q,900Q,605,Grade 6,598,Grade 5,602,Grade 6,591,Grade 5,587,Grade 5,45,Early On Grade Level,1 Grade Level Below,Early On Grade Level,1 Grade Level Below,1 Grade Level Below,870Q-970Q,920Q,610,Grade 6,624,Grade 6,605,Grade 6,604,Grade 6,612,Grade 6,50,Early On Grade Level,Mid or Above Grade Level,Early On Grade Level,Early On Grade Level,Early On Grade Level,890Q-990Q,940Q
900000019,Lucas Singh,F,No,No,Yes,6,601,358,Grade 1,352,Grade 1,354,Grade 1,369,Grade 1,361,Grade 1,5,3 or More Grade Levels Below,3 or More Grade Levels Below,3 or More Grade Levels Below,3 or More Grade Levels Below,3 or More Grade Levels Below,EM118Q-EM18Q,EM68Q,368,Grade 1,371,Grade 1,374,Grade 1,365,Grade 1,371,Grade 1,6,3 or More Grade Levels Below,3 or More Grade Levels Below,3 or More Grade Levels Below,3 or More Grade Levels Below,3 or More Grade Levels Below,EM78Q-22Q,EM28Q,375,Grade 1,390,Grade 1,386,Grade 1,370,Grade 1,378,Grade 1,6,3 or More Grade Levels Below,3 or More Grade Levels Below,3 or More Grade Levels Below,3 or More Grade Levels Below,3 or More Grade Levels Below,EM50Q-50Q,0Q
900000020,Hazel Turner,M,No,No,No,6,602,550,Grade 5,538,Grade 4,541,Grade 4,547,Grade 4,546,Grade 4,28,1 Grade Level Below,2 Grade Levels Below,2 Grade Levels Below,2 Grade Levels Below,2 Grade Levels Below,650Q-750Q,700Q,554,Grade 5,558,Grade 5,560,Grade 5,566,Grade 5,537,Grade 4,29,1 Grade Level Below,1 Grade Level Below,1 Grade Level Below,1 Grade Level Below,2 Grade Levels Below,666Q-766Q,716Q,564,Grade 5,557,Grade 5,563,Grade 5,556,Grade 5,553,Grade 5,31,1 Grade Level Below,1 Grade Level Below,1 Grade Level Below,1 Grade Level Below,1 Grade Level Below,706Q-806Q,756Q
900000021,Amir Underwood,F,No,Yes,Yes,6,601,609,Grade 6,599,Grade 5,606,Grade 6,602,Grade 6,622,Grade 6,49,Early On Grade Level,1 Grade Level Below,Early On Grade Level,Early On Grade Level,Mid or Above Grade Level,886Q-986Q,936Q,617,Grade 6,628,Grade 6,612,Grade 6,601,Grade 6,601,Grade 6,57,Early On Grade Level,Mid or Above Grade Level,Early On Grade Level,Early On Grade Level,Early On Grade Level,918Q-1018Q,968Q,619,Grade 6,632,Grade 6,609,Grade 6,631,Grade 6,616,Grade 6,59,Early On Grade Level,Mid or Above Grade Level,Early On Grade Level,Mid or Above Grade Level,Early On Grade Level,926Q-1026Q,976Q
900000022,Clara Vega,M,Yes,No,Yes,6,602,374,Grade 1,364,Grade 1,384,Grade 1,367,Grade 1,389,Grade 1,6,3 or More Grade Levels Below,3 or More Grade Levels Below,3 or More Grade Levels Below,3 or More Grade Levels Below,3 or More Grade Levels Below,EM54Q-46Q,EM4Q,382,Grade 1,380,Grade 1,376,Grade 1,370,Grade 1,391,Grade 1,7,3 or More Grade Levels Below,3 or More Grade Levels Below,3 or More Grade Levels Below,3 or More Grade Levels Below,3 or More Grade Levels Below,EM22Q-78Q,28Q,389,Grade 1,401,Grade 2,394,Grade 1,382,Grade 1,393,Grade 1,7,3 or More Grade Levels Below,3 or More Grade Levels Below,3 or More Grade Levels Below,3 or More Grade Levels Below,3 or More Grade Levels Below,6Q-106Q,56Q
900000023,Miles Walker,F,No,No,No,6,601,555,Grade 5,555,Grade 5,557,Grade 5,569,Grade 5,555,Grade 5,29,1 Grade Level Below,1 Grade Level Below,1 Grade Level Below,1 Grade Level Below,1 Grade Level Below,670Q-770Q,720Q,564,Grade 5,560,Grade 5,557,Grade 5,571,Grade 5,555,Grade 5,31,1 Grade Level Below,1 Grade Level Below,1 Grade Level Below,1 Grade Level Below,1 Grade Level Below,706Q-806Q,756Q,571,Grade 5,581,Grade 5,573,Grade 5,587,Grade 5,578,Grade 5,32,1 Grade Level Below,1 Grade Level Below,1 Grade Level Below,1 Grade Level Below,1 Grade Level Below,734Q-834Q,784Q
900000024,Lena Xu,M,No,No,Yes,6,602,606,Grade 6,617,Grade 6,617,Grade 6,612,Grade 6,590,Grade 5,46,Early On Grade Level,Early On Grade Level,Early On Grade Level,Early On Grade Level,1 Grade Level Below,874Q-974Q,924Q,609,Grade 6,610,Grade 6,593,Grade 5,595,Grade 5,598,Grade 5,49,Early On Grade Level,Early On Grade Level,1 Grade Level Below,1 Grade Level Below,1 Grade Level Below,886Q-986Q,936Q,619,Grade 6,619,Grade 6,619,Grade 6,612,Grade 6,622,Grade 6,59,Early On Grade Level,Early On Grade Level,Early On Grade Level,Early On Grade Level,Mid or Above Grade Level,926Q-1026Q,976Q
900000025,Isaac Young,F,No,No,No,6,601,400,Grade 2,393,Grade 1,406,Grade 2,394,Grade 1,382,Grade 1,8,3 or More Grade Levels Below,3 or More Grade Levels Below,3 or More Grade Levels Below,3 or More Grade Levels Below,3 or More Grade Levels Below,50Q-150Q,100Q,411,Grade 2,423,Grade 2,415,Grade 2,402,Grade 2,399,Grade 1,9,3 or More Grade Levels Below,3 or More Grade Levels Below,3 or More Grade Levels Below,3 or More Grade Levels Below,3 or More Grade Levels Below,94Q-194Q,144Q,421,Grade 2,432,Grade 2,433,Grade 2,427,Grade 2,424,Grade 2,10,3 or More Grade Levels Below,3 or More Grade Levels Below,3 or More Grade Levels Below,3 or More Grade Levels Below,3 or More Grade Levels Below,134Q-234Q,184Q
900000026,Naomi Zane,M,No,No,Yes,6,602,569,Grade 5,563,Grade 5,557,Grade 5,584,Grade 5,558,Grade 5,32,1 Grade Level Below,1 Grade Level Below,1 Grade Level Below,1 Grade Level Below,1 Grade Level Below,726Q-826Q,776Q,576,Grade 5,590,Grade 5,582,Grade 5,566,Grade 5,560,Grade 5,34,1 Grade Level Below,1 Grade Level Below,1 Grade Level Below,1 Grade Level Below,1 Grade Level Below,754Q-854Q,804Q,579,Grade 5,568,Grade 5,573,Grade 5,576,Grade 5,562,Grade 5,34,1 Grade Level Below,1 Grade Level Below,1 Grade Level Below,1 Grade Level Below,1 Grade Level Below,766Q-866Q,816Q
900000027,Evan Alvarez,F,No,Yes,Yes,6,601,616,Grade 6,617,Grade 6,615,Grade 6,627,Grade 6,608,Grade 6,56,Early On Grade Level,Early On Grade Level,Early On Grade Level,Mid or Above Grade Level,Early On Grade Level,914Q-1014Q,964Q,619,Grade 6,632,Grade 6,613,Grade 6,633,Grade 6,633,Grade 6,59,Early On Grade Level,Mid or Above Grade Level,Early On Grade Level,Mid or Above Grade Level,Mid or Above Grade Level,926Q-1026Q,976Q,631,Grade 6,642,Grade 6,618,Grade 6,615,Grade 6,614,Grade 6,71,Mid or Above Grade Level,Mid or Above Grade Level,Early On Grade Level,Early On Grade Level,Early On Grade Level,974Q-1074Q,1024Q
900000028,Layla Brown,M,No,No,No,6,602,394,Grade 1,408,Grade 2,402,Grade 2,389,Grade 1,405,Grade 2,8,3 or More Grade Levels Below,3 or More Grade Levels Below,3 or More Grade Levels Below,3 or More Grade Levels Below,3 or More Grade Levels Below,26Q-126Q,76Q,405,Grade 2,397,Grade 1,413,Grade 2,405,Grade 2,400,Grade 2,8,3 or More Grade Levels Below,3 or More Grade Levels Below,3 or More Grade Levels Below,3 or More Grade Levels Below,3 or More Grade Levels Below,70Q-170Q,120Q,415,Grade 2,407,Grade 2,427,Grade 2,426,Grade 2,401,Grade 2,9,3 or More Grade Levels Below,3 or More Grade Levels Below,3 or More Grade Levels Below,3 or More Grade Levels Below,3 or More Grade Levels Below,110Q-210Q,160Q
900000029,Julian Clark,F,Yes,No,Yes,6,601,565,Grade 5,560,Grade 5,562,Grade 5,558,Grade 5,574,Grade 5,31,1 Grade Level Below,1 Grade Level Below,1 Grade Level Below,1 Grade Level Below,1 Grade Level Below,710Q-810Q,760Q,570,Grade 5,571,Grade 5,553,Grade 5,569,Grade 5,581,Grade 5,32,1 Grade Level Below,1 Grade Level Below,1 Grade Level Below,1 Grade Level Below,1 Grade Level Below,730Q-830Q,780Q,575,Grade 5,565,Grade 5,572,Grade 5,576,Grade 5,588,Grade 5,33,1 Grade Level Below,1 Grade Level Below,1 Grade Level Below,1 Grade Level Below,1 Grade Level Below,750Q-850Q,800Q
900000030,Cora Davis,M,No,No,No,6,602,616,Grade 6,608,Grade 6,611,Grade 6,609,Grade 6,599,Grade 5,56,Early On Grade Level,Early On Grade Level,Early On Grade Level,Early On Grade Level,1 Grade Level Below,914Q-1014Q,964Q,620,Grade 6,619,Grade 6,605,Grade 6,616,Grade 6,611,Grade 6,60,Mid or Above Grade Level,Early On Grade Level,Early On Grade Level,Early On Grade Level,Early On Grade Level,930Q-1030Q,980Q,632,Grade 6,629,Grade 6,629,Grade 6,639,Grade 6,645,Grade 6,72,Mid or Above Grade Level,Mid or Above Grade Level,Mid or Above Grade Level,Mid or Above Grade Level,Mid or Above Grade Level,978Q-1078Q,1028Q
900000031,Adrian Evans,F,Yes,No,Yes,6,601,394,Grade 1,394,Grade 1,387,Grade 1,392,Grade 1,405,Grade 2,8,3 or More Grade Levels Below,3 or More Grade Levels Below,3 or More Grade Levels Below,3 or More Grade Levels Below,3 or More Grade Levels Below,26Q-126Q,76Q,403,Grade 2,410,Grade 2,409,Grade 2,419,Grade 2,411,Grade 2,8,3 or More Grade Levels Below,3 or More Grade Levels Below,3 or More Grade Levels Below,3 or More Grade Levels Below,3 or More Grade Levels Below,62Q-162Q,112Q,413,Grade 2,410,Grade 2,398,Grade 1,399,Grade 1,422,Grade 2,9,3 or More Grade Levels Below,3 or More Grade Levels Below,3 or More Grade Levels Below,3 or More Grade Levels Below,3 or More Grade Levels Below,102Q-202Q,152Q
900000032,Tessa Flores,M,No,No,Yes,6,602,580,Grade 5,583,Grade 5,585,Grade 5,566,Grade 5,593,Grade 5,35,1 Grade Level Below,1 Grade Level Below,1 Grade Level Below,1 Grade Level Below,1 Grade Level Below,770Q-870Q,820Q,585,Grade 5,598,Grade 5,570,Grade 5,598,Grade 5,597,Grade 5,36,1 Grade Level Below,1 Grade Level Below,1 Grade Level Below,1 Grade Level Below,1 Grade Level Below,790Q-890Q,840Q,594,Grade 5,602,Grade 6,598,Grade 5,592,Grade 5,587,Grade 5,38,1 Grade Level Below,Early On Grade Level,1 Grade Level Below,1 Grade Level Below,1 Grade Level Below,826Q-926Q,876Q
900000033,Nico Garcia,F,No,Yes,No,6,601,610,Grade 6,598,Grade 5,615,Grade 6,601,Grade 6,623,Grade 6,50,Early On Grade Level,1 Grade Level Below,Early On Grade Level,Early On Grade Level,Mid or Above Grade Level,890Q-990Q,940Q,617,Grade 6,630,Grade 6,608,Grade 6,617,Grade 6,616,Grade 6,57,Early On Grade Level,Mid or Above Grade Level,Early On Grade Level,Early On Grade Level,Early On Grade Level,918Q-1018Q,968Q,627,Grade 6,641,Grade 6,613,Grade 6,630,Grade 6,609,Grade 6,67,Mid or Above Grade Level,Mid or Above Grade Level,Early On Grade Level,Mid or Above Grade Level,Early On Grade Level,958Q-1058Q,1008Q
900000034,Mae Hill,M,No,No,Yes,6,602,404,Grade 2,418,Grade 2,402,Grade 2,408,Grade 2,404,Grade 2,8,3 or More Grade Levels Below,3 or More Grade Levels Below,3 or More Grade Levels Below,3 or More Grade Levels Below,3 or More Grade Levels Below,66Q-166Q,116Q,409,Grade 2,410,Grade 2,421,Grade 2,403,Grade 2,416,Grade 2,9,3 or More Grade Levels Below,3 or More Grade Levels Below,3 or More Grade Levels Below,3 or More Grade Levels Below,3 or More Grade Levels Below,86Q-186Q,136Q,426,Grade 2,415,Grade 2,416,Grade 2,442,Grade 2,436,Grade 2,10,3 or More Grade Levels Below,3 or More Grade Levels Below,3 or More Grade Levels Below,3 or More Grade Levels Below,3 or More Grade Levels Below,154Q-254Q,204Q
900000035,Silas Inoue,F,No,No,No,6,601,575,Grade 5,587,Grade 5,581,Grade 5,569,Grade 5,567,Grade 5,33,1 Grade Level Below,1 Grade Level Below,1 Grade Level Below,1 Grade Level Below,1 Grade Level Below,750Q-850Q,800Q,580,Grade 5,592,Grade 5,578,Grade 5,595,Grade 5,592,Grade 5,35,1 Grade Level Below,1 Grade Level Below,1 Grade Level Below,1 Grade Level Below,1 Grade Level Below,770Q-870Q,820Q,590,Grade 5,582,Grade 5,600,Grade 6,595,Grade 5,579,Grade 5,37,1 Grade Level Below,1 Grade Level Below,Early On Grade Level,1 Grade Level Below,1 Grade Level Below,810Q-910Q,860Q
900000036,Amina Jackson,M,Yes,No,Yes,6,602,610,Grade 6,623,Grade 6,599,Grade 5,608,Grade 6,605,Grade 6,50,Early On Grade Level,Mid or Above Grade Level,1 Grade Level Below,Early On Grade Level,Early On Grade Level,890Q-990Q,940Q,617,Grade 6,614,Grade 6,613,Grade 6,624,Grade 6,618,Grade 6,57,Early On Grade Level,Early On Grade Level,Early On Grade Level,Mid or Above Grade Level,Early On Grade Level,918Q-1018Q,968Q,622,Grade 6,629,Grade 6,621,Grade 6,631,Grade 6,627,Grade 6,62,Mid or Above Grade Level,Mid or Above Grade Level,Mid or Above Grade Level,Mid or Above Grade Level,Mid or Above Grade Level,938Q-1038Q,988Q
900000037,Leo Khan,F,No,No,Yes,6,601,447,Grade 2,434,Grade 2,449,Grade 2,449,Grade 2,434,Grade 2,11,3 or More Grade Levels Below,3 or More Grade Levels Below,3 or More Grade Levels Below,3 or More Grade Levels Below,3 or More Grade Levels Below,238Q-338Q,288Q,458,Grade 3,466,Grade 3,464,Grade 3,455,Grade 3,441,Grade 2,12,3 or More Grade Levels Below,3 or More Grade Levels Below,3 or More Grade Levels Below,3 or More Grade Levels Below,3 or More Grade Levels Below,282Q-382Q,332Q,469,Grade 3,477,Grade 3,456,Grade 3,469,Grade 3,472,Grade 3,13,3 or More Grade Levels Below,3 or More Grade Levels Below,3 or More Grade Levels Below,3 or More Grade Levels Below,3 or More Grade Levels Below,326Q-426Q,376Q
900000038,Elsie Lopez,M,No,No,No,6,602,567,Grade 5,561,Grade 5,568,Grade 5,559,Grade 5,569,Grade 5,32,1 Grade Level Below,1 Grade Level Below,1 Grade Level Below,1 Grade Level Below,1 Grade Level Below,718Q-818Q,768Q,572,Grade 5,563,Grade 5,582,Grade 5,560,Grade 5,572,Grade 5,33,1 Grade Level Below,1 Grade Level Below,1 Grade Level Below,1 Grade Level Below,1 Grade Level Below,738Q-838Q,788Q,583,Grade 5,572,Grade 5,591,Grade 5,571,Grade 5,591,Grade 5,35,1 Grade Level Below,1 Grade Level Below,1 Grade Level Below,1 Grade Level Below,1 Grade Level Below,782Q-882Q,832Q
900000039,Micah Moore,F,No,Yes,Yes,6,601,618,Grade 6,628,Grade 6,609,Grade 6,602,Grade 6,614,Grade 6,58,Early On Grade Level,Mid or Above Grade Level,Early On Grade Level,Early On Grade Level,Early On Grade Level,922Q-1022Q,972Q,623,Grade 6,610,Grade 6,635,Grade 6,618,Grade 6,620,Grade 6,63,Mid or Above Grade Level,Early On Grade Level,Mid or Above Grade Level,Early On Grade Level,Mid or Above Grade Level,942Q-1042Q,992Q,631,Grade 6,630,Grade 6,643,Grade 6,623,Grade 6,639,Grade 6,71,Mid or Above Grade Level,Mid or Above Grade Level,Mid or Above Grade Level,Mid or Above Grade Level,Mid or Above Grade Level,974Q-1074Q,1024Q
900000040,Freya Nelson,M,No,No,No,6,602,431,Grade 2,429,Grade 2,419,Grade 2,439,Grade 2,430,Grade 2,10,3 or More Grade Levels Below,3 or More Grade Levels Below,3 or More Grade Levels Below,3 or More Grade Levels Below,3 or More Grade Levels Below,174Q-274Q,224Q,438,Grade 2,425,Grade 2,448,Grade 2,431,Grade 2,445,Grade 2,11,3 or More Grade Levels Below,3 or More Grade Levels Below,3 or More Grade Levels Below,3 or More Grade Levels Below,3 or More Grade Levels Below,202Q-302Q,252Q,452,Grade 3,465,Grade 3,435,Grade 2,463,Grade 3,453,Grade 3,12,3 or More Grade Levels Below,3 or More Grade Levels Below,3 or More Grade Levels Below,3 or More Grade Levels Below,3 or More Grade Levels Below,258Q-358Q,308Q
900000041,Dante Owens,F,No,No,Yes,6,601,565,Grade 5,578,Grade 5,578,Grade 5,557,Grade 5,552,Grade 5,31,1 Grade Level Below,1 Grade Level Below,1 Grade Level Below,1 Grade Level Below,1 Grade Level Below,710Q-810Q,760Q,569,Grade 5,569,Grade 5,580,Grade 5,570,Grade 5,557,Grade 5,32,1 Grade Level Below,1 Grade Level Below,1 Grade Level Below,1 Grade Level Below,1 Grade Level Below,726Q-826Q,776Q,576,Grade 5,570,Grade 5,576,Grade 5,571,Grade 5,564,Grade 5,34,1 Grade Level Below,1 Grade Level Below,1 Grade Level Below,1 Grade Level Below,1 Grade Level Below,754Q-854Q,804Q
900000042,Ada Park,M,No,No,Yes,6,602,609,Grade 6,613,Grade 6,613,Grade 6,596,Grade 5,620,Grade 6,49,Early On Grade Level,Early On Grade Level,Early On Grade Level,1 Grade Level Below,Mid or Above Grade Level,886Q-986Q,936Q,615,Grade 6,621,Grade 6,615,Grade 6,612,Grade 6,619,Grade 6,55,Early On Grade Level,Mid or Above Grade Level,Early On Grade Level,Early On Grade Level,Early On Grade Level,910Q-1010Q,960Q,618,Grade 6,623,Grade 6,624,Grade 6,608,Grade 6,620,Grade 6,58,Early On Grade Level,Mid or Above Grade Level,Mid or Above Grade Level,Early On Grade Level,Mid or Above Grade Level,922Q-1022Q,972Q
900000043,Rafael Reed,F,Yes,No,No,6,601,458,Grade 3,457,Grade 3,442,Grade 2,443,Grade 2,448,Grade 2,12,3 or More Grade Levels Below,3 or More Grade Levels Below,3 or More Grade Levels Below,3 or More Grade Levels Below,3 or More Grade Levels Below,282Q-382Q,332Q,465,Grade 3,470,Grade 3,462,Grade 3,469,Grade 3,458,Grade 3,13,3 or More Grade Levels Below,3 or More Grade Levels Below,3 or More Grade Levels Below,3 or More Grade Levels Below,3 or More Grade Levels Below,310Q-410Q,360Q,478,Grade 3,475,Grade 3,485,Grade 3,486,Grade 3,492,Grade 3,14,3 or More Grade Levels Below,3 or More Grade Levels Below,3 or More Grade Levels Below,3 or More Grade Levels Below,3 or More Grade Levels Below,362Q-462Q,412Q
900000044,Willa Shah,M,No,No,Yes,6,602,568,Grade 5,575,Grade 5,563,Grade 5,557,Grade 5,565,Grade 5,32,1 Grade Level Below,1 Grade Level Below,1 Grade Level Below,1 Grade Level Below,1 Grade Level Below,722Q-822Q,772Q,575,Grade 5,588,Grade 5,573,Grade 5,587,Grade 5,580,Grade 5,33,1 Grade Level Below,1 Grade Level Below,1 Grade Level Below,1 Grade Level Below,1 Grade Level Below,750Q-850Q,800Q,581,Grade 5,581,Grade 5,573,Grade 5,569,Grade 5,579,Grade 5,35,1 Grade Level Below,1 Grade Level Below,1 Grade Level Below,1 Grade Level Below,1 Grade Level Below,774Q-874Q,824Q
900000045,Kai Thompson,F,No,Yes,No,6,601,633,Grade 6,625,Grade 6,640,Grade 6,633,Grade 6,641,Grade 6,73,Mid or Above Grade Level,Mid or Above Grade Level,Mid or Above Grade Level,Mid or Above Grade Level,Mid or Above Grade Level,982Q-1082Q,1032Q,639,Grade 6,643,Grade 6,630,Grade 6,635,Grade 6,634,Grade 6,79,Mid or Above Grade Level,Mid or Above Grade Level,Mid or Above Grade Level,Mid or Above Grade Level,Mid or Above Grade Level,1006Q-1106Q,1056Q,646,Grade 6,650,Grade 6,636,Grade 6,632,Grade 6,633,Grade 6,86,Mid or Above Grade Level,Mid or Above Grade Level,Mid or Above Grade Level,Mid or Above Grade Level,Mid or Above Grade Level,1034Q-1134Q,1084Q
900000046,Esme Usman,O,Yes,No,Yes,6,602,441,Grade 2,432,Grade 2,429,Grade 2,444,Grade 2,452,Grade 3,11,3 or More Grade Levels Below,3 or More Grade Levels Below,3 or More Grade Levels Below,3 or More Grade Levels Below,3 or More Grade Levels Below,214Q-314Q,264Q,453,Grade 3,458,Grade 3,437,Grade 2,458,Grade 3,436,Grade 2,12,3 or More Grade Levels Below,3 or More Grade Levels Below,3 or More Grade Levels Below,3 or More Grade Levels Below,3 or More Grade Levels Below,262Q-362Q,312Q,462,Grade 3,465,Grade 3,445,Grade 2,467,Grade 3,457,Grade 3,12,3 or More Grade Levels Below,3 or More Grade Levels Below,3 or More Grade Levels Below,3 or More Grade Levels Below,3 or More Grade Levels Below,298Q-398Q,348Q
900000047,Roman Valdez,F,No,No,Yes,6,601,590,Grade 5,591,Grade 5,574,Grade 5,584,Grade 5,589,Grade 5,37,1 Grade Level Below,1 Grade Level Below,1 Grade Level Below,1 Grade Level Below,1 Grade Level Below,810Q-910Q,860Q,595,Grade 5,601,Grade 6,583,Grade 5,592,Grade 5,578,Grade 5,38,1 Grade Level Below,Early On Grade Level,1 Grade Level Below,1 Grade Level Below,1 Grade Level Below,830Q-930Q,880Q,599,Grade 5,613,Grade 6,584,Grade 5,605,Grade 6,603,Grade 6,39,1 Grade Level Below,Early On Grade Level,1 Grade Level Below,Early On Grade Level,Early On Grade Level,846Q-946Q,896Q
900000048,June White,M,No,No,No,6,602,622,Grade 6,620,Grade 6,620,Grade 6,626,Grade 6,606,Grade 6,62,Mid or Above Grade Level,Mid or Above Grade Level,Mid or Above Grade Level,Mid or Above Grade Level,Early On Grade Level,938Q-1038Q,988Q,627,Grade 6,623,Grade 6,640,Grade 6,618,Grade 6,626,Grade 6,67,Mid or Above Grade Level,Mid or Above Grade Level,Mid or Above Grade Level,Early On Grade Level,Mid or Above Grade Level,958Q-1058Q,1008Q,632,Grade 6,624,Grade 6,642,Grade 6,638,Grade 6,627,Grade 6,72,Mid or Above Grade Level,Mid or Above Grade Level,Mid or Above Grade Level,Mid or Above Grade Level,Mid or Above Grade Level,978Q-1078Q,1028Q
900000049,Ezra Yamada,F,No,No,Yes,6,601,448,Grade 2,454,Grade 3,454,Grade 3,454,Grade 3,448,Grade 2,11,3 or More Grade Levels Below,3 or More Grade Levels Below,3 or More Grade Levels Below,3 or More Grade Levels Below,3 or More Grade Levels Below,242Q-342Q,292Q,454,Grade 3,458,Grade 3,448,Grade 2,454,Grade 3,458,Grade 3,12,3 or More Grade Levels Below,3 or More Grade Levels Below,3 or More Grade Levels Below,3 or More Grade Levels Below,3 or More Grade Levels Below,266Q-366Q,316Q,464,Grade 3,460,Grade 3,478,Grade 3,480,Grade 3,464,Grade 3,13,3 or More Grade Levels Below,3 or More Grade Levels Below,3 or More Grade Levels Below,3 or More Grade Levels Below,3 or More Grade Levels Below,306Q-406Q,356Q
900000050,Lila Zhang,M,Yes,No,No,6,602,584,Grade 5,595,Grade 5,567,Grade 5,584,Grade 5,573,Grade 5,36,1 Grade Level Below,1 Grade Level Below,1 Grade Level Below,1 Grade Level Below,1 Grade Level Below,786Q-886Q,836Q,590,Grade 5,589,Grade 5,593,Grade 5,598,Grade 5,582,Grade 5,37,1 Grade Level Below,1 Grade Level Below,1 Grade Level Below,1 Grade Level Below,1 Grade Level Below,810Q-910Q,860Q,597,Grade 5,597,Grade 5,597,Grade 5,586,Grade 5,600,Grade 6,39,1 Grade Level Below,1 Grade Level Below,1 Grade Level Below,1 Grade Level Below,Early On Grade Level,838Q-938Q,888Q
900000051,Samira Ahmed,F,No,Yes,Yes,6,601,616,Grade 6,617,Grade 6,608,Grade 6,608,Grade 6,600,Grade 6,56,Early On Grade Level,Early On Grade Level,Early On Grade Level,Early On Grade Level,Early On Grade Level,914Q-1014Q,964Q,619,Grade 6,617,Grade 6,623,Grade 6,634,Grade 6,621,Grade 6,59,Early On Grade Level,Early On Grade Level,Mid or Above Grade Level,Mid or Above Grade Level,Mid or Above Grade Level,926Q-1026Q,976Q,630,Grade 6,637,Grade 6,636,Grade 6,618,Grade 6,615,Grade 6,70,Mid or Above Grade Level,Mid or Above Grade Level,Mid or Above Grade Level,Early On Grade Level,Early On Grade Level,970Q-1070Q,1020Q
900000052,Henry Blake,M,No,No,Yes,6,602,464,Grade 3,467,Grade 3,447,Grade 2,454,Grade 3,453,Grade 3,13,3 or More Grade Levels Below,3 or More Grade Levels Below,3 or More Grade Levels Below,3 or More Grade Levels Below,3 or More Grade Levels Below,306Q-406Q,356Q,471,Grade 3,471,Grade 3,479,Grade 3,469,Grade 3,478,Grade 3,13,3 or More Grade Levels Below,3 or More Grade Levels Below,3 or More Grade Levels Below,3 or More Grade Levels Below,3 or More Grade Levels Below,334Q-434Q,384Q,484,Grade 3,475,Grade 3,472,Grade 3,468,Grade 3,467,Grade 3,14,3 or More Grade Levels Below,3 or More Grade Levels Below,3 or More Grade Levels Below,3 or More Grade Levels Below,3 or More Grade Levels Below,386Q-486Q,436Q
900000053,Isla Cruz,F,No,No,No,6,601,588,Grade 5,601,Grade 6,588,Grade 5,580,Grade 5,579,Grade 5,36,1 Grade Level Below,Early On Grade Level,1 Grade Level Below,1 Grade Level Below,1 Grade Level Below,802Q-902Q,852Q,595,Grade 5,603,Grade 6,598,Grade 5,608,Grade 6,578,Grade 5,38,1 Grade Level Below,Early On Grade Level,1 Grade Level Below,Early On Grade Level,1 Grade Level Below,830Q-930Q,880Q,599,Grade 5,598,Grade 5,593,Grade 5,598,Grade 5,589,Grade 5,39,1 Grade Level Below,1 Grade Level Below,1 Grade Level Below,1 Grade Level Below,1 Grade Level Below,846Q-946Q,896Q
900000054,Malik Duncan,M,No,No,Yes,6,602,629,Grade 6,644,Grade 6,613,Grade 6,625,Grade 6,633,Grade 6,69,Mid or Above Grade Level,Mid or Above Grade Level,Early On Grade Level,Mid or Above Grade Level,Mid or Above Grade Level,966Q-1066Q,1016Q,635,Grade 6,636,Grade 6,623,Grade 6,626,Grade 6,650,Grade 6,75,Mid or Above Grade Level,Mid or Above Grade Level,Mid or Above Grade Level,Mid or Above Grade Level,Mid or Above Grade Level,990Q-1090Q,1040Q,640,Grade 6,636,Grade 6,639,Grade 6,650,Grade 6,639,Grade 6,80,Mid or Above Grade Level,Mid or Above Grade Level,Mid or Above Grade Level,Mid or Above Grade Level,Mid or Above Grade Level,1010Q-1110Q,1060Q
900000055,Vera Emerson,F,No,No,No,6,601,474,Grade 3,485,Grade 3,459,Grade 3,462,Grade 3,473,Grade 3,13,3 or More Grade Levels Below,3 or More Grade Levels Below,3 or More Grade Levels Below,3 or More Grade Levels Below,3 or More Grade Levels Below,346Q-446Q,396Q,480,Grade 3,478,Grade 3,490,Grade 3,475,Grade 3,465,Grade 3,14,3 or More Grade Levels Below,3 or More Grade Levels Below,3 or More Grade Levels Below,3 or More Grade Levels Below,3 or More Grade Levels Below,370Q-470Q,420Q,498,Grade 3,506,Grade 4,510,Grade 4,490,Grade 3,502,Grade 4,15,3 or More Grade Levels Below,2 Grade Levels Below,2 Grade Levels Below,3 or More Grade Levels Below,2 Grade Levels Below,442Q-542Q,492Q
900000056,Felix Grant,M,No,No,Yes,6,602,590,Grade 5,600,Grade 6,583,Grade 5,590,Grade 5,603,Grade 6,37,1 Grade Level Below,Early On Grade Level,1 Grade Level Below,1 Grade Level Below,Early On Grade Level,810Q-910Q,860Q,595,Grade 5,607,Grade 6,605,Grade 6,599,Grade 5,588,Grade 5,38,1 Grade Level Below,Early On Grade Level,Early On Grade Level,1 Grade Level Below,1 Grade Level Below,830Q-930Q,880Q,599,Grade 5,591,Grade 5,598,Grade 5,608,Grade 6,601,Grade 6,39,1 Grade Level Below,1 Grade Level Below,1 Grade Level Below,Early On Grade Level,Early On Grade Level,846Q-946Q,896Q
900000057,Anika Howard,F,Yes,Yes,Yes,6,601,621,Grade 6,621,Grade 6,607,Grade 6,634,Grade 6,608,Grade 6,61,Mid or Above Grade Level,Mid or Above Grade Level,Early On Grade Level,Mid or Above Grade Level,Early On Grade Level,934Q-1034Q,984Q,627,Grade 6,621,Grade 6,635,Grade 6,640,Grade 6,611,Grade 6,67,Mid or Above Grade Level,Mid or Above Grade Level,Mid or Above Grade Level,Mid or Above Grade Level,Early On Grade Level,958Q-1058Q,1008Q,636,Grade 6,650,Grade 6,621,Grade 6,631,Grade 6,639,Grade 6,76,Mid or Above Grade Level,Mid or Above Grade Level,Mid or Above Grade Level,Mid or Above Grade Level,Mid or Above Grade Level,994Q-1094Q,1044Q
900000058,Jasper James,M,No,No,No,6,602,486,Grade 3,493,Grade 3,472,Grade 3,475,Grade 3,484,Grade 3,14,3 or More Grade Levels Below,3 or More Grade Levels Below,3 or More Grade Levels Below,3 or More Grade Levels Below,3 or More Grade Levels Below,394Q-494Q,444Q,491,Grade 3,505,Grade 4,477,Grade 3,477,Grade 3,481,Grade 3,14,3 or More Grade Levels Below,2 Grade Levels Below,3 or More Grade Levels Below,3 or More Grade Levels Below,3 or More Grade Levels Below,414Q-514Q,464Q,499,Grade 3,493,Grade 3,500,Grade 4,497,Grade 3,485,Grade 3,15,3 or More Grade Levels Below,3 or More Grade Levels Below,2 Grade Levels Below,3 or More Grade Levels Below,3 or More Grade Levels Below,446Q-546Q,496Q
900000059,Rina Kaur,F,No,No,Yes,6,601,590,Grade 5,600,Grade 6,594,Grade 5,579,Grade 5,578,Grade 5,37,1 Grade Level Below,Early On Grade Level,1 Grade Level Below,1 Grade Level Below,1 Grade Level Below,810Q-910Q,860Q,595,Grade 5,595,Grade 5,593,Grade 5,595,Grade 5,598,Grade 5,38,1 Grade Level Below,1 Grade Level Below,1 Grade Level Below,1 Grade Level Below,1 Grade Level Below,830Q-930Q,880Q,599,Grade 5,592,Grade 5,612,Grade 6,614,Grade 6,583,Grade 5,39,1 Grade Level Below,1 Grade Level Below,Early On Grade Level,Early On Grade Level,1 Grade Level Below,846Q-946Q,896Q
900000060,Cole Lambert,M,No,No,No,6,602,630,Grade 6,622,Grade 6,622,Grade 6,638,Grade 6,637,Grade 6,70,Mid or Above Grade Level,Mid or Above Grade Level,Mid or Above Grade Level,Mid or Above Grade Level,Mid or Above Grade Level,970Q-1070Q,1020Q,634,Grade 6,635,Grade 6,648,Grade 6,627,Grade 6,641,Grade 6,74,Mid or Above Grade Level,Mid or Above Grade Level,Mid or Above Grade Level,Mid or Above Grade Level,Mid or Above Grade Level,986Q-1086Q,1036Q,638,Grade 6,632,Grade 6,646,Grade 6,633,Grade 6,645,Grade 6,78,Mid or Above Grade Level,Mid or Above Grade Level,Mid or Above Grade Level,Mid or Above Grade Level,Mid or Above Grade Level,1002Q-1102Q,1052Q
